f1,f2
-1.23937466,0.749101495
-1.03607028,0.801436315
-0.615579137,1.579520526
1.335977573,1.348650615
0.658925204,1.300018834
0.656532232,0.991439643
1.453977977,0.583740683
1.124756335,1.116123929
-1.723840745,-0.17528909
-0.79413813,1.958963129
0.242728637,0.392830989
0.695879071,0.044684044
-1.39834487,-0.219578437
1.699869439,1.150703109
-0.975111211,0.387796089
0.73250359,0.508059069
1.436569625,1.143265737
-0.691338531,-0.157179968
-1.101759928,0.734979115
1.171287177,1.676785064
-0.260585444,-0.554335939
0.333435543,1.652449302
0.874872111,0.470826095
3.138674622,2.813416426
0.896894619,0.979821964
1.974404848,3.124937405
0.669024967,0.99967232
2.875422754,3.270717725
0.116951072,-0.423660062
-1.098523921,0.449892765
-1.315447021,0.555205782
-1.225130906,1.791151605
3.379874332,3.568386358
-0.474542755,1.111415586
-1.365037517,-0.033271897
-1.080457756,1.174176711
-2.088692982,0.853456264
-1.278571806,0.400921494
-0.154885755,2.312038018
1.621947876,1.640740137
-1.162992621,1.478058369
0.702243163,0.580826492
-1.51183385,-0.947524171
1.297576992,0.921315026
-1.317726055,0.573604381
-0.454130863,0.460949829
-1.930439464,0.071585531
-1.839290983,-0.140418043
1.150426263,1.337346237
3.26186576,3.573627834
-0.491874514,2.079178905
-1.325562136,2.131728284
-1.425485539,-1.560861416
-1.403394987,0.919193773
-1.611077272,0.614685605
-0.742242379,1.732656986
-1.452609896,0.070384608
-1.55342211,1.317930316
0.194270322,-0.507415734
-1.974069553,0.837375794
1.094246893,0.414619773
-1.086983446,1.6887239
1.214304163,1.724958574
-1.781683953,0.348024272
1.526461984,1.8276915
-1.012772248,0.968606024
-1.472934622,-2.453844583
1.608249477,1.675071604
-2.880684779,0.458847379
-0.689874881,-0.760355056
-2.443032843,-0.123610861
-0.467585922,0.243373979
-1.348371552,0.504285743
0.65477189,-0.144281648
0.894345698,0.450579276
-1.322578433,1.169349249
-1.152649361,1.374524033
-2.248866455,-0.887983829
0.927230687,0.28529637
0.985040802,1.091193079
1.499200919,1.501005079
-1.992754646,0.214184598
1.181670606,0.86096012
0.425335544,1.907171097
-1.519366793,0.803787459
-1.013369186,0.787232333
-1.65695159,0.316706356
1.3682439,1.182416998
-0.446486334,1.53826452
-0.215589361,1.116054804
0.575847665,-0.368778036
-0.143409613,1.91285401
0.189892822,0.001395892
1.893106633,1.992168789
1.357592644,1.432195669
-0.467274631,1.314447521
-0.404320607,-0.357650394
-0.835952014,1.625116717
0.070935973,-0.296635239
2.574263307,2.549431199
-0.016633016,1.777894065
-0.303397109,1.287399717
-2.443152484,1.138863823
-0.371089848,1.36392587
1.67656384,1.645555427
0.271956129,3.100007903
0.553241501,0.727097067
1.316413223,1.539267448
1.976707639,1.801606459
0.046965964,-0.265872106
0.786776743,1.307294698
-0.499622203,0.355110938
1.101820036,1.086609559
-1.556586495,1.339373323
1.260096972,0.904582582
1.369838191,1.369110811
-1.644099147,0.583949768
1.455136461,1.157055265
0.626123659,2.497563113
0.233148383,-0.398824401
0.867424935,1.425368606
-1.058578274,-0.09626274
1.213091177,1.727557821
-1.442552473,0.657074387
1.18928497,1.671587301
1.558463851,1.316653414
-1.129356494,-1.026070398
-1.86584274,-0.300993819
-0.303739137,1.1881046
-1.367034296,0.852624579
3.041131361,3.717260397
-0.437766299,-1.762964986
-1.032269767,0.866835604
1.757034096,2.061938677
0.08259032,-0.129868506
0.848038984,1.086412901
0.783997144,0.803695114
-1.172542405,0.947332165
1.693284919,1.622875271
-1.606967841,0.006308398
-0.773029956,1.896383857
0.032042609,-0.090827
1.363773662,1.523356226
-0.865101028,0.894192056
1.229834347,1.534386999
-0.671485025,1.850975942
-2.789624027,-0.788719693
-0.994342185,0.361999384
0.066182566,0.178696215
2.284177565,3.016547384
0.68288149,1.9137641
-2.762511909,-0.488823053
1.235106036,0.979360902
-2.434260644,-1.120084381
-0.47013908,0.925348252
-0.818234305,-0.760142412
-2.152669579,-1.066091667
-1.421333491,-0.085036142
-0.339961959,-0.234092261
-0.825348458,1.673318623
-0.882126166,0.823229758
1.723967756,1.448051915
-0.164061531,2.527447186
-1.501777827,1.134187041
-0.667028349,1.410833092
-0.701566242,0.68932683
2.233090968,2.420941534
1.956955059,2.255304824
-1.929614075,0.236195107
-2.022588074,-0.066985658
0.263310372,0.254946321
2.527289718,2.468731834
-1.880465093,-0.586101016
-0.147896588,-0.60163673
2.444213818,1.848029962
-1.430886553,0.109217962
1.976432888,0.980597769
-0.970248481,-1.388750516
-1.025678088,-0.764889014
1.002610128,1.158122206
0.829106632,1.276537421
1.777016248,2.822313159
1.184382423,2.149592959
0.174195009,-0.021092909
2.353997347,2.315665547
0.841259739,0.99556376
0.307408106,0.038559006
-1.884124975,0.517572371
-0.57084255,1.405605879
-0.304649673,0.187252351
-0.98775782,0.124660345
1.306139939,0.716967323
0.543047601,0.623750688
-2.487617129,-0.796594231
0.081127774,0.31871387
-1.953493595,0.294483046
-0.516351963,0.875340082
2.077116015,2.128939687
1.32197954,0.955730186
-2.132017696,0.07425023
-1.235166492,1.274970591
-0.038987967,0.119935538
0.135579853,-0.207515471
1.400414534,1.964012249
2.244438727,2.049433332
0.482473306,0.128024383
-0.874233537,0.867651885
-1.106106801,-1.095822655
-0.051231577,-0.34028307
-0.291533772,1.716763638
0.941374451,0.573283776
-0.126055335,-1.200322597
-0.513390381,-0.235468416
0.775064573,1.257182695
-2.814445899,-0.855411869
-0.790959503,0.8491904
-0.967636932,0.962255213
1.35657701,0.912629059
-0.626115406,1.255459238
-1.55358907,0.761030761
-1.543865316,0.062970289
1.69091966,2.110931036
-2.180537507,-0.577338311
-0.372365479,-0.966294618
-1.934616115,-0.233520794
-1.419108258,0.245435953
0.2332593,0.014871024
0.894131306,1.728935043
-1.023692417,1.534206987
0.379736225,-0.024964243
-1.156698643,1.143306573
-1.309884319,1.182625367
1.659940193,0.655013278
-1.218735597,-0.686139497
-1.504404066,0.719809098
-0.051080352,1.835353586
-0.317342541,1.682660014
1.595169259,2.547923436
0.823582426,0.573307117
0.213582631,1.096134507
0.980242814,-0.13612369
-2.205092023,-0.362019059
0.558237316,1.188278324
1.534193098,1.281085319
-1.329361447,-0.587527254
-0.2005992,1.286668336
1.3148531,1.387281422
1.386736971,1.206832569
-0.929178225,0.674376752
-1.365735025,0.304312829
-0.677637836,0.775546199
-1.268706546,0.593160867
2.317884803,1.619937034
0.025462004,0.165215498
0.132471932,-0.325116556
-0.162088941,2.261109682
0.001093274,-0.371132387
-1.225640052,0.09163918
0.245489144,0.939563
1.414017476,1.305619075
1.487922339,1.811411512
2.735783074,2.785299062
-0.83892457,0.832795597
0.988334784,1.203121229
-1.656756337,-0.290813227
0.147760338,-0.223905388
-0.418109023,1.603858645
1.077886371,2.03853291
-0.55989558,1.612955104
-1.388712239,0.737167574
-1.05773623,1.304862198
0.104734997,2.668725884
1.605743943,1.194834497
1.187640271,1.94732262
0.793539393,0.313918534
-1.846991989,0.111202514
-0.835024342,1.063219636
-2.006530357,0.694183249
0.207211336,2.823564743
-1.156095907,1.493701143
1.360267497,2.11864291
-0.729230647,1.357232572
2.084671086,2.330386264
0.14236718,2.094393078
-1.920427022,-1.173813029
2.159625733,1.398533606
-0.066684549,2.805291065
-1.429956603,1.502883297
0.833387873,0.979554911
-1.677487234,0.280294907
1.710399914,1.88761533
1.518448178,1.723351178
2.196939163,2.261032
-0.088360603,2.993857156
-0.453296464,1.829101741
2.002558971,2.317539677
-0.070330497,0.361166819
1.279366984,1.731519118
1.569327237,1.68471177
0.556453957,0.408710251
1.730661719,2.743769763
0.110790673,0.016645421
-0.367875958,2.291299823
-2.108967422,0.672837248
-0.858010846,0.931805678
0.506220756,0.844470007
-0.029372422,2.207420801
-1.604314745,0.11248084
2.836832025,2.881672184
-1.239436954,0.745449773
2.629545406,3.355119421
2.072148553,2.649184025
1.687780488,1.883993161
0.945095212,2.147288017
-0.366550201,-0.53153223
-2.100254781,0.245963683
-1.436727477,1.23208574
-1.685859835,0.50036669
1.290937257,1.81135315
-1.288456047,0.722752481
-2.411017144,0.085508304
-2.35752026,0.329702626
-0.022567762,2.848025755
1.114092302,1.251982491
0.389712884,0.590570324
1.424406252,1.376351433
-1.761830672,-0.050856736
-1.359094492,-0.207509421
0.828691718,1.255630937
1.817535659,1.902395436
1.385612663,0.720422785
-1.869173735,0.462721779
0.90307941,0.923064796
-0.398923998,1.541966243
1.123640788,0.689618873
0.228804219,0.318974796
-1.950541297,0.468292142
-0.083055708,0.088583392
-0.232922171,1.901884267
0.079779062,0.16958655
-0.94090772,1.172905708
-1.073771562,0.100618157
-1.473447409,0.28798142
1.288205647,1.489494833
1.213600414,1.009867649
1.309266309,1.298996265
0.117196612,0.637703806
-0.909114746,0.987257844
-1.964078579,0.251149839
2.152402595,2.38679798
-0.633409938,1.89077934
-1.108509702,0.864347169
-1.143744954,1.205288246
1.014381111,0.922139665
0.163083321,2.520260767
-0.229302886,1.755113143
-1.236765792,1.203324153
1.684547827,1.944440298
0.931383119,1.123206393
-0.406530044,1.232990941
0.921475002,0.841155686
-1.25175062,-0.614677824
1.072256573,1.045458317
-0.129698191,-0.292650819
1.572201977,0.639571116
-1.256610168,0.266341805
-1.591176463,-0.265770008
0.50819211,2.520454511
1.015109688,0.644084294
1.523518309,1.145232033
-2.066246292,1.028326961
1.594554245,1.860172186
1.128774458,1.472097231
1.867811064,2.706305701
-1.360306442,-0.529097905
-0.899026207,0.743626736
-0.594983716,2.037066658
0.939118117,2.241199111
2.052272602,0.226038258
-2.679029276,-1.383056802
3.171573628,2.786917632
0.594452325,0.72888627
-0.989283692,0.378049473
0.167942292,2.329815543
1.672369536,1.599761196
1.814782222,1.054696582
-0.847666672,1.433272997
0.679520059,0.334960208
0.101383683,0.190845124
1.807765155,1.786685373
-2.140465074,-0.882459671
-0.410820232,0.809867758
-0.201887961,1.586446052
0.357813154,1.739915476
2.383425927,2.173713661
-1.849337832,-0.13588794
1.122414708,1.651467301
-1.124988923,1.511624581
-1.571984075,1.12413297
0.600659044,1.197601967
-0.375461325,2.27526361
0.62358289,0.674710853
2.14819331,1.895164175
0.816474066,1.405803834
-2.101436698,0.033786549
0.269915902,0.324013616
-0.558023064,1.016711394
-1.452320331,1.081799281
-0.748005641,2.0302772
0.574637798,1.864582895
-1.463689332,-0.041815685
-0.031617227,0.063688787
-1.864655192,0.351170523
1.593529136,1.766432505
0.353236816,0.082658756
-0.383650062,0.996244656
-0.895748917,1.354242628
-2.218673808,0.295300648
1.336434316,1.877324608
-1.275136596,1.335049261
-0.499041437,0.376253278
-1.770553331,-0.13472075
0.171082656,1.863054719
0.426381472,0.91283053
-1.985939641,0.366662018
-2.345243787,0.162623883
0.43144358,-0.237018071
1.888041054,1.060329262
0.884804327,0.267844723
0.706921244,0.482854521
-1.399590797,1.340589522
0.037114159,-0.480514005
-2.584672104,0.73884534
-0.457984301,2.056148939
-1.284523844,-0.083253543
-0.62734884,1.526407029
1.3563149,1.733533139
-1.07370576,0.732981993
1.610432872,1.904735409
-1.862850407,0.325754518
0.723318669,0.796243317
0.335858015,1.147643328
1.475084298,1.03445512
-0.513794494,-1.168730722
-0.744482566,1.232974259
1.283368738,1.418908064
-0.945633937,0.608397848
-0.365602607,1.375777491
-1.364197792,0.325397701
1.19508664,1.946832247
1.787746938,1.729008368
-1.040567801,0.651424223
0.074943752,1.789826892
-0.701172173,1.678397913
0.678638151,1.842841264
0.332958968,0.405112528
-0.853241424,0.350644121
1.137629861,0.774940174
-0.554319413,1.044749151
1.625678351,1.964589235
0.273479452,1.934794204
-0.847536724,1.514648001
-1.123264746,1.369930471
-0.380968691,1.449987825
0.821034439,-0.524673316
0.335350601,-0.214816946
-1.246750755,0.85836247
-0.581075284,1.14500029
-1.345862165,1.045872361
1.332157092,1.85980644
-1.452011391,0.194445678
-1.04975686,-0.125640443
3.49607086,3.573045287
-1.668042259,0.067543735
1.262157026,0.333973453
-1.291073401,0.759484995
1.348769856,1.26345796
-2.023133033,-0.40632439
-1.865618471,0.21291046
2.042663148,2.222368832
0.717220965,0.793707798
-0.98931877,1.561645404
-0.357177233,1.94651354
0.484018646,-0.155908477
-0.842506971,1.204831649
0.409174025,0.593215755
-0.162511327,-0.635785716
-1.63356887,0.562001607
1.004500514,0.468090484
-1.234177904,-0.049377147
0.428178294,2.057803187
0.497145079,0.709951855
-2.085093829,0.482936213
-1.113294069,0.120493476
0.293068328,1.047819202
0.155477038,0.490673995
1.473885958,0.947272286
0.02585141,0.268630965
1.622962119,1.934249952
0.705057278,3.583282051
-1.180420788,0.652645219
-2.021733774,-0.269224164
1.657502124,1.819881269
-0.308107696,0.709630769
-1.094512278,0.958231787
-2.017200028,0.807850225
-1.330056287,1.039183878
-1.305520466,0.763863192
-1.884186914,0.570965103
2.82572531,3.22077142
1.294718814,1.052002634
2.408363388,2.961108325
-0.86117446,1.047049324
0.673875144,1.271653979
-0.185268495,-0.233133485
-0.974986284,1.825197829
0.840860899,0.244246609
-1.788415397,-0.550933532
-1.82742295,-1.818538614
1.200795322,1.274791262
-1.721554883,0.058381362
-1.224092841,-0.070071788
-1.28474405,0.352474996
2.013539007,1.674535293
1.132119974,0.769881756
-0.048255477,1.555333035
0.807293759,0.137702698
1.003977665,0.531244944
2.183460506,3.243782844
1.593350202,1.558450508
-2.42392562,1.270041403
-0.428934021,-0.082095353
-0.191978018,1.3901457
2.10622807,3.071280999
-0.590980606,1.417054764
0.266606788,2.987838936
-2.034316092,-0.294584416
2.209868357,2.122644691
-0.411336062,-0.324152114
-0.792175628,1.799818538
1.756743266,1.087219699
-0.874934162,0.940278662
3.169085364,3.046402868
-0.687549047,-0.343604754
0.676751955,1.147974412
-0.890130675,1.315080723
-0.212392697,-0.987260451
-1.813250288,0.332637899
2.100356198,3.51815314
-0.508877118,-0.0895531
1.907759144,1.476063105
-0.54565266,1.101334557
2.15541896,2.820202274
-1.453283069,0.211742985
1.686421127,1.807816655
-0.614311811,1.027837601
1.432445666,1.952488112
-0.246410326,2.130115453
-0.042714394,-0.874481032
2.092321696,2.047385056
1.945108591,2.453239686
1.828798986,1.848040066
-0.911328786,1.161053001
-0.709377371,-0.841631365
0.280856915,2.442599171
1.771563804,2.232081212
-0.812793737,1.018619787
-1.918173842,1.407502883
1.167831968,0.962430075
0.029985877,1.470746729
0.359786403,0.410295962
-0.636329892,2.253993804
-0.678273528,1.357643302
-0.901725104,1.052605309
-1.006431794,0.347494948
2.11150496,2.144772376
-1.351258218,0.608700616
-1.079075939,0.899051689
0.435915739,3.227228239
-0.504190862,2.165737334
-2.471737759,-0.486155229
1.082413612,0.85450258
-0.94685333,0.693398599
-1.368766175,1.113783946
-0.385339427,2.16273828
-1.467803646,-1.898077656
1.214466483,1.356849553
-2.602101534,0.376342695
0.941948012,0.77321212
2.368036079,2.400261478
1.944585032,2.295814777
0.633197083,1.082254288
-2.471194545,-0.23590435
0.15693785,-0.650989711
3.04218362,2.419125709
-0.504833998,1.290874227
1.436941453,1.385059675
-0.349753053,-1.942230869
0.458952394,-0.167807603
-0.988146314,0.207722127
1.30545443,0.77354828
-1.612061292,0.351551668
-0.88763506,0.483821797
1.974013293,1.357514538
-0.901358298,1.198656162
-0.36512272,1.101024942
-0.826756854,1.747467164
-0.000525831,-0.70845048
-2.161584224,-0.07824654
0.438716686,0.601885882
-0.503068698,1.207929815
1.052349289,0.437161986
1.939997626,1.60664211
-0.483828877,0.910937046
0.412483617,1.362719519
0.089811393,-0.259168161
0.681186054,0.338505602
-0.242180051,-1.515017633
0.433261927,1.639871862
0.033865915,2.338337017
-1.384684689,0.460047325
-2.267960013,1.025624254
-1.783206958,0.182174635
-0.563738596,0.981475821
0.74916771,0.61146264
-1.69352481,-0.409152951
0.564402416,1.041266655
-0.780637833,1.11521717
-1.37821599,-0.380387953
-0.428126518,2.004832303
2.398089201,2.414362357
2.416782835,1.916532886
-0.118750146,1.830104407
0.041994553,-1.189817813
1.828769805,2.049468116
0.020798646,0.374881591
-1.145284925,0.211646569
0.731287319,0.682334082
-0.569653691,2.064298806
-0.616597849,1.207597786
1.036550637,1.076388038
0.184572832,0.566619451
-1.273099101,0.544587447
-0.011764553,2.2522162
-0.714471507,2.01415912
1.58005232,2.34236033
-1.65810826,0.29277052
-0.498631909,1.63458967
-1.71124651,1.100391798
-1.187063995,1.439287592
-1.276672054,0.222264966
3.169423883,3.444708633
1.686911019,1.425387266
0.339627274,-0.664873906
-0.725678729,1.35604858
-0.041701823,-0.440666227
-1.425404113,0.415577971
-0.592781028,1.517873656
-0.051393572,2.456248373
-1.465774615,0.56496526
1.317803113,1.777549313
-1.447876957,-1.047277932
-0.410471582,0.905832379
-2.569619698,-0.966830679
-0.392292393,2.570930131
-0.295167097,3.17156138
-0.164513221,2.338953164
-0.939873982,1.153558973
-0.356131759,2.214300952
-1.076470852,0.091579262
-1.375035835,1.370625758
2.077466019,2.241079724
-0.801277724,0.675560746
2.0428283,2.088598779
-1.002479114,0.689670155
-0.298023304,-0.402793251
1.138191651,1.728706535
-0.64465769,0.702359432
-2.233981216,0.142990632
-1.465717519,0.93671018
1.580190359,2.703264082
-0.598864185,1.668650365
-0.086553966,-0.120741774
-0.941160118,1.61229604
-1.096797629,1.647034977
0.460939367,1.161417665
2.132889626,2.178561554
1.291515619,1.769927166
-1.136816725,1.667595403
2.744774128,2.689681109
0.056476131,1.213857458
-2.517026502,-0.129959094
-0.820356054,1.288589279
-1.00640949,0.579367585
0.232907478,0.490918033
0.766797295,1.244420371
-1.328616982,0.435268865
-1.333805101,0.144161584
0.523803777,0.286458286
0.731225852,0.85082896
0.473824738,-0.483996869
-0.767038532,1.461127021
1.067227917,1.234237127
2.588439511,2.119812245
0.120281182,-0.185291119
-0.539455052,1.984120508
1.007943195,1.023257052
-1.255065513,0.799683368
0.169688157,-0.206648317
-0.503137344,1.921515888
-0.508897718,1.822566961
0.971738267,0.268732339
-0.708934884,3.304259649
0.729318677,-0.471662195
0.472761065,0.706673987
0.266778651,2.252227679
-0.960899657,1.866749673
1.215878401,1.89127651
-1.002703105,2.156056889
-0.830384984,0.476789964
0.99021586,0.412991987
-0.430319085,1.610840934
1.681099853,1.216474217
-1.083282552,-0.769967264
-1.519448031,-0.178849772
1.911120089,1.393758898
-0.880483484,1.558653551
2.289755723,3.43185971
2.399003211,3.56099898
1.994154799,1.813153979
-0.504880746,1.556478133
-0.311757821,-0.695393779
2.033673256,2.035892237
-1.174605841,1.42210565
-0.833690104,1.101070137
-1.163340366,0.532575603
-0.483871386,1.849568263
0.472525867,-0.391861893
3.295681537,3.035507506
-1.658303123,0.268959216
-0.74987788,0.765405632
1.092860564,1.588496
-1.467743195,0.16489813
1.330107181,0.846219814
-1.339402324,1.172867001
0.051813782,-0.201138346
0.770031134,0.563653695
-0.368457193,1.641880298
1.997314341,1.72912156
1.568790578,1.426632025
1.211770063,0.836814003
0.109039518,-0.174274028
-1.318848592,1.33620071
0.917611968,0.882421636
-0.752726923,1.600057908
-2.411561112,-0.693536901
1.519992115,1.204117416
-2.292134189,-0.187613715
-1.483934945,1.417700596
-0.66128458,0.865334495
-0.113237909,0.328555558
-0.474940571,0.591561423
0.222125739,2.260042425
1.23515139,1.752666114
0.647456076,1.252488987
0.131087458,-0.222879364
-1.229494427,0.439943845
1.030459929,0.637878183
1.421599672,0.555314027
0.854873379,1.13124918
1.550794595,1.665436914
-1.737960478,-0.28093128
1.090325276,1.100339051
1.697198186,1.797417054
-1.087392729,-0.834194582
0.974003824,0.90008105
-0.881260426,0.971446394
-1.483072969,0.976585699
-0.083645618,1.179324134
1.904009753,2.236578694
0.008393939,-0.141532312
0.029213138,-0.367609831
-1.742799307,0.119848396
1.525156883,2.066589823
-1.700133581,0.71344341
-1.170313677,0.631414643
-1.957291135,0.85810262
-1.773066415,0.338742109
0.99876829,1.133845861
-1.847195052,0.524758713
1.997540656,2.292331583
3.283088152,3.883851455
-0.823689828,-0.161763293
-0.650548313,0.236768893
-1.134113395,0.887723527
0.513449862,0.416656067
0.56533871,1.305128306
0.216898061,1.075626743
-0.780470497,1.621191304
-0.197525886,1.969432505
-0.290509961,0.799420781
0.088325323,0.394550346
-1.20124509,0.192396588
-2.253811536,0.680435156
2.073593358,2.786526719
-0.46087841,1.246894556
0.259550714,-1.021479537
1.221139477,1.154017695
-1.107229946,-2.872115819
-1.317032321,0.519731318
2.806493998,2.632193388
-1.065991269,0.757944807
-0.072285389,0.075766852
2.454001582,1.73550071
-1.850332052,0.057318868
0.887615217,0.34087559
-1.342100898,0.626051838
-0.961204848,1.73339237
2.550274086,2.977313856
1.763481889,2.038200298
-3.470773003,-1.330868136
0.575281813,0.82378217
-2.15416837,-0.52765636
-0.718876198,1.695593317
1.420815447,1.279956642
1.583363111,0.670927014
1.406338654,1.688353414
-0.189956891,-0.961950012
0.077361932,1.767126562
-0.792816889,1.954526091
-1.778795521,-0.876781381
2.022428518,1.699074823
-0.612877899,1.698764216
0.520444803,0.074542645
0.795280644,2.087065479
-1.316468403,0.226326538
0.424508625,0.224754743
-0.749692269,0.573370394
1.989297739,2.474155053
0.237424207,0.071061543
-1.095965918,0.44390593
0.847944834,0.6778417
-2.053765741,0.866961043
-1.016490029,0.752812407
-0.592689781,1.086481649
2.80579312,3.300768382
-1.777129553,0.584298944
-0.617183502,-0.532299437
-2.325138839,0.264385197
1.071756592,0.575216025
2.200852957,2.305394778
-1.018199902,-0.245781185
-0.292021055,1.492396442
0.742779543,0.868565858
-0.609324967,1.269914882
0.62768465,1.950050981
1.139414646,0.894619008
-1.230583373,1.012064404
0.995641794,0.825840885
-0.889402908,-1.686051982
0.68568886,0.060917634
-0.047135933,1.348833079
-1.859638853,0.625656196
1.510027187,2.66022742
-1.990538998,-0.726132627
0.843179445,2.057739987
1.401499829,0.544305041
-0.700613934,0.812392821
-0.297026164,0.451533755
0.218163789,0.327796307
0.864879799,0.877072996
0.739021586,0.858296909
0.040831578,0.12871948
2.028742077,2.240328792
-0.999594535,1.189994229
0.227947086,-0.567644475
-2.220460196,-0.406536295
1.339523769,1.170471377
1.117268938,0.014312277
0.507882202,0.404143252
-1.639031831,0.717860094
-0.606180023,0.630530941
-1.544328888,1.063351193
2.664534348,2.36400745
-1.231740982,1.138638332
-1.865290117,-0.395995214
0.122808502,1.808873518
2.296448935,3.114655281
1.059429266,1.133329236
-0.103224248,0.238876971
1.537144638,1.593376224
-2.384792962,-0.209795654
2.253550849,3.268430733
-0.774985015,1.423814998
-1.370957834,1.028723081
0.640381662,0.891958691
-2.671131324,-2.411506926
-0.219870564,1.312879505
-0.834532858,0.409735372
2.62812693,2.921142996
-1.435688605,0.788706842
1.118561999,1.042534466
2.400393053,2.111629463
2.140506373,2.413154305
0.351900855,-0.588250552
1.141417034,1.009461443
0.163758034,0.984179271
-0.620047552,-1.750857872
-1.191717771,-1.357257119
-1.09009173,0.858892911
-0.519794011,1.411640976
2.035462918,1.755142877
-1.299181077,0.500777588
-1.136246556,1.143680599
-2.312407821,0.463359668
-1.392588658,1.186520405
-0.923556521,1.002203163
-0.935107841,1.64128138
-0.705717293,0.825251538
-1.523109584,0.137046792
0.580180505,1.972547253
-0.407423533,1.991064341
-0.559128458,1.382351322
-0.520824045,2.002092317
0.346634415,2.463230321
-1.174298663,2.05250757
2.404330101,1.599141763
2.264403948,2.919248058
2.265832395,1.80221012
-0.834180088,1.111996747
-1.049488478,0.440484868
2.046990293,2.390174056
-1.681098228,1.426591326
2.102820799,1.617780487
-0.211794172,1.819284413
-1.280700852,0.35931685
2.423701309,2.295963196
0.383803642,-0.399583198
1.329183769,1.03188877
1.490891974,0.417600153
-0.449700665,1.137965771
0.085090976,0.075057188
-0.379913601,2.303921949
-2.144063868,0.635497794
-0.854375805,1.223542802
0.871944546,1.048478135
2.60362321,2.523328324
0.081056074,0.13664162
-0.029558081,-0.753716719
-0.429279566,1.779259258
-0.609744756,1.344041399
2.919348849,2.915534503
-0.320788049,0.129468655
-1.684432666,0.409210637
-0.779668213,-0.649318884
-1.39362907,0.442071377
-1.102464954,1.322189946
-1.302777229,1.271934058
-0.637076511,1.918246168
0.293807903,2.024958022
-0.7625193,1.605613146
1.380360064,1.637919434
0.208220225,2.268279239
-1.42918433,-0.074408984
-1.082866976,1.563445469
-0.75298144,1.666204987
-0.247683097,2.01177886
1.263950433,0.83953711
2.140036572,2.51406067
1.335601774,1.654484266
1.027769157,0.927250412
-1.638293702,-0.353177843
0.388584655,-0.289421604
0.048289587,-0.88419429
-0.464512482,2.009354333
0.044570231,1.773530672
-1.283185827,0.888207913
0.589710391,1.343897212
0.361551006,-0.020648358
1.071243112,1.381528822
-0.669255983,-1.277543441
-1.460400324,-0.052971697
1.126800605,1.328122042
-0.766326646,-1.052456535
-2.240052427,-0.572251521
1.143185648,1.240092611
-2.785144012,-1.075739655
-0.748774882,-0.871629185
3.18233909,3.667459671
-0.137314257,-0.129806206
-0.597097518,2.482450083
-0.256783464,-0.585070843
0.874366489,1.093714317
1.373404391,1.31969383
-0.137754091,0.302471765
0.380805701,1.022369002
0.728939398,0.967104693
1.833356209,2.256006155
-1.423263017,0.371134011
-1.771186754,0.75438894
-1.403491707,0.421740804
-2.016084039,-1.131240593
1.039843004,0.295162838
0.948165211,0.979007936
3.085985883,3.019903861
-0.16228079,1.627135421
-2.216907837,-0.402106079
1.481673681,2.351061071
1.344968326,1.868965223
0.178242254,-0.186100963
1.01560493,0.602318618
1.155947026,0.820867017
-0.944668738,0.970122373
0.287892083,-0.082533196
-1.390730007,0.931628792
-0.581697208,2.345389951
-0.363709585,0.726702521
-2.27243793,0.229600997
-0.461377672,0.836396345
-0.283568997,0.582289355
2.876318629,3.625169643
-1.069367676,0.847274689
-1.010131825,1.702566398
-1.756389858,0.755429524
-1.281481865,0.089240515
2.912022276,3.33516054
-0.708929224,2.019248051
-1.066468149,0.61940261
-1.394518558,0.733229931
0.558400014,1.36795729
2.185791706,2.307001451
1.374575799,1.271523363
0.026458655,0.072260444
-1.296543494,0.460917552
-0.476614146,1.408618136
-0.987547074,-1.107067602
-0.830343098,0.421845634
-0.475309823,1.115720471
1.98414266,2.038402981
1.17566166,1.530138661
-0.670251073,1.679851721
1.975206208,1.733683861
1.470698167,1.296870566
-0.477206621,-0.554906252
-0.45003978,0.19615992
0.61009966,0.481845962
1.354676168,0.853335287
-1.752187723,0.571890163
0.730318339,0.735591022
-1.87539602,0.070365879
2.365093632,2.665070148
0.108010426,0.482092322
1.318559728,1.451958427
0.32839223,0.327464415
1.629728102,2.154889088
1.524954972,1.021064301
1.97023979,2.250655198
2.340327298,2.207296068
-0.64795756,0.545787102
1.534840148,1.098596292
-1.018183844,0.917723412
2.925325922,3.641938456
2.92972582,4.185014964
0.220490874,2.166375492
-1.116085712,1.387089464
-0.190760148,1.764427403
-0.651037737,3.2885626
0.806932158,0.50735413
-0.620423925,1.436542432
-0.631636602,2.075006813
1.699612877,1.038021263
-1.121740899,-1.336931452
-0.560915656,1.497456177
-0.011118187,-0.740554457
0.332502098,0.528510251
2.031500492,1.916358207
-0.669586195,2.095346235
-0.148243007,2.886766099
-1.020842888,1.512819978
-1.478735772,-0.111692265
-1.065059137,0.600861968
-0.240719504,-0.075362191
0.716294373,3.046139392
-0.539087669,-0.993707066
-0.670111625,0.456707852
-1.295990748,0.314084689
0.930762495,0.471192105
-0.735129173,-0.806326688
0.926056832,0.549077854
0.468637383,2.935357371
-1.174852388,1.264965567
-1.327973341,0.831520432
-0.96108584,1.006062994
-1.10121678,1.138225813
1.180974192,1.46824585
1.129131192,1.357507426
0.645496731,0.9785188
-1.613396485,0.124066416
2.177329897,2.022554372
-0.639772342,1.325216999
2.461600083,2.033000247
-1.13939028,0.726927826
0.637785932,0.404433129
-0.114635433,2.089468323
-1.63817717,0.663063773
-0.764779233,1.357379614
-1.956760376,0.910324944
-1.514497833,0.889783279
-1.280947737,-0.780489618
0.312878943,2.401824099
1.043581914,1.233866809
0.042417028,-0.12286526
1.486233849,1.400795465
2.095926186,2.802946607
-1.402265412,0.727841994
1.956991383,2.048301185
-2.018409267,-0.64330949
-1.59212197,0.391190628
0.886771443,0.991890008
0.641508486,0.85221686
-1.441283356,0.744460084
-1.521670722,-0.226934325
0.173884639,-0.523860786
-1.774498085,0.215526978
1.210823203,1.421394187
1.071913015,0.900430409
-0.195322079,-0.382629086
-1.205703712,1.196769553
-0.109292357,1.964671458
-0.117364345,-0.295463847
-1.185655425,2.226056913
1.613814166,1.19797307
1.938924519,2.217047072
0.425824625,0.270416191
-1.010768153,1.655798973
-0.156217572,-0.284406285
-1.197195756,0.974570559
-0.459336572,0.891113372
-1.973614625,-0.409390601
-0.023994589,0.43483315
1.700124284,1.639582257
-0.784593561,1.189530637
-1.3399235,0.539136884
1.804220273,3.018757738
-0.340494863,-0.816881855
1.111622914,1.422897278
0.137641028,2.914851329
-0.546664238,2.566435407
-1.404126931,1.182225124
0.337193191,0.082097997
0.193979408,-1.137358519
-0.783546156,-1.231873396
-0.390720396,1.4033629
0.314120693,0.406895999
-1.270250512,0.792006577
0.916311586,1.228582513
-1.930479545,0.996654554
1.954953812,1.387453776
2.614164852,3.140674777
1.609056479,2.190054197
-1.510968097,0.808623877
1.344453603,0.908965481
0.94256393,0.406138615
-0.095550184,2.617160487
-1.907225203,-0.552315815
0.570938122,0.536699231
-0.936740251,-0.511733079
-0.653772791,1.473903833
0.324624791,2.103318215
-0.796937264,1.567907896
-1.15793144,0.616731437
-0.387205165,-0.142440105
1.547829385,2.388274318
-1.826798396,0.079219756
-0.483339184,1.272375225
-0.695277376,1.194958118
1.048514221,0.507149562
-0.379160934,1.45547108
1.940294492,2.218563958
-0.007548428,0.484837322
1.053170266,0.310364976
-0.496202287,1.896130571
1.458787472,1.759994119
1.279926577,1.54635255
1.622143863,1.480511662
0.196909878,2.19700685
0.817947338,1.106031632
-0.410260428,-0.416030454
-0.745831182,2.118739371
-1.39835409,-2.080583461
-1.933093425,-2.103741155
-1.799158085,0.626432722
-0.790013347,-0.366836499
-1.632922484,-1.093059735
-0.743092863,1.767532537
1.146376514,1.886260085
-2.393769703,-0.316292032
-0.135313506,2.044556176
1.291941933,2.006420272
-1.325875624,0.770721762
0.318818226,0.332230542
1.357174574,1.206254267
2.662763727,2.611342119
1.291505794,1.65771861
1.549598543,1.909440506
-0.68925115,2.376487602
-1.015647188,1.006376382
-1.370201311,-0.17498093
2.221502301,1.770850668
-1.292542318,0.360725186
2.237641848,2.436256454
0.392482592,0.041978556
0.19656856,-0.777115184
-1.349287203,0.302445553
-0.821497466,1.245385714
-2.429088007,-1.201407114
2.300178599,2.663922303
0.787700561,2.070248974
-2.767624455,-0.895558401
2.915439139,3.159829257
-1.274979547,0.791549302
1.444401758,1.669973314
-0.289894048,-0.634120381
0.73910127,0.631437689
0.459412132,1.901052347
-0.209213678,0.656805844
-1.214763188,0.905325674
1.069456225,1.574279445
1.785715609,0.357996381
-2.885764888,-0.623767863
-2.863582134,-0.879457869
-0.193337805,0.152618776
1.214881535,1.650433588
1.8662156,2.286719039
3.201440746,2.777489239
0.828734815,0.901230964
3.741376112,4.167826236
0.241063815,-0.179083912
0.248536582,0.666142416
1.474756325,1.486360193
-1.358061911,-0.173578358
-0.975009336,0.733355196
-0.465999648,2.18063937
-0.278353723,2.462244957
-1.326575554,0.013654332
-0.5095776,-0.137895397
-2.588540736,-1.964412127
1.319937622,1.413299072
-1.174030526,1.713846568
0.331552786,2.501350508
-1.035899249,0.812710542
-1.887336981,0.2486455
-0.734869903,1.158568918
-0.745794799,-0.62560637
-1.987782327,-0.199967974
1.286179326,1.065463949
0.147098353,0.367209252
-1.734101607,0.836916694
-1.305469287,0.793587322
2.783397236,2.794666384
0.449765236,0.337575495
-1.141514401,0.761714548
-1.201119806,-0.82455717
-1.044386042,0.920128263
-0.069875605,-0.878672652
-1.0267682,1.77803116
1.227906184,0.690079835
2.167320171,2.554794372
1.832406956,1.424695574
-2.088157467,0.428373038
-0.545214888,0.315098322
-1.049250636,0.761429848
0.105363822,0.089684131
-0.395072452,1.295755508
-0.89632797,-1.190230122
-1.693343351,0.666949435
-1.473231894,0.706618026
-1.217562704,1.109448951
2.204919465,1.135845941
0.40149902,0.099647782
1.550249839,1.379824266
-0.034175283,-0.903243813
-0.335240516,2.39454433
-1.01826035,0.639626168
-0.921711304,0.641822412
-0.809484499,0.922246021
-1.559360986,1.679643561
-1.158712365,1.952482374
0.250915309,2.292403987
0.55214281,3.74864947
0.922549078,-0.699363387
1.611230266,2.00170317
2.532938911,3.041958821
0.560185816,-0.302393224
0.638518101,1.062959783
-2.082812446,0.059544954
-1.708984237,0.570481199
-1.426076131,0.199806173
-0.935700499,1.501536322
1.913359981,1.227917092
0.283910255,1.905116036
1.478817111,1.984702583
1.050675258,1.205256649
-1.242277049,0.581888372
-1.694533285,0.681747029
1.417834882,1.45426015
0.406984232,0.260734034
2.152387935,2.466913526
1.151138413,1.347365477
-0.899134412,0.334437056
-0.864341079,1.77355857
-1.175741286,1.63527767
-1.11312752,0.453932868
1.010626009,1.08811975
-0.983004057,2.024235246
0.658861147,0.481678025
-0.308362886,-0.506964942
1.027660308,0.176084133
-2.318141656,-0.195544497
1.226303764,1.265849419
0.636684118,0.749471632
0.670172582,1.057586272
-2.348759793,0.200803692
0.29946707,-0.232010987
0.622051552,1.414083591
0.20302391,0.117744811
-1.438825107,1.232127828
1.158506473,1.27818332
1.675816774,1.257567571
0.530493835,0.244889047
-0.943877323,1.305549797
2.096743789,1.562972702
0.095318871,0.127208885
-0.962003028,0.821855976
-0.127726876,1.523510184
-1.225447036,-1.31876316
-0.279496189,0.219069397
0.967067621,0.741975793
1.672709918,1.206040458
-0.432265294,2.12510741
-1.139410396,1.382336032
0.341745083,-0.052657927
-2.560630481,-0.658316693
1.46548211,1.029156476
0.586309402,0.086715747
1.510332046,2.011642454
-0.959558042,0.872890733
-0.473370519,0.761831366
1.692552773,2.111342562
0.54894632,0.387761714
-1.406100276,0.288135063
-0.749557597,1.090950348
2.220759481,2.142078507
1.062459726,1.649770453
-2.509788568,0.395333729
-1.003385848,0.250424207
-2.552909757,-1.163052962
0.492967345,2.588168241
-1.982404144,0.597588208
0.558402077,0.528160807
-0.088280248,-0.169836212
0.978674793,1.315072677
-0.206557414,1.307219184
-0.35816152,0.359989233
1.116801692,1.024597491
-1.665721664,0.410494802
0.269046204,-0.044560505
-1.21065322,0.234412594
-0.330545969,1.794444735
1.426198289,2.196119219
-0.240972082,2.538631565
2.067902841,2.607261177
0.567955549,-0.079276047
-0.261568972,1.19874754
0.400246611,1.546951319
-0.623985526,1.196232761
1.085323683,0.487277735
0.490340421,1.453068
1.119960974,1.257264132
-0.788039096,1.738995184
0.977890343,0.479066026
2.251293523,2.544583181
1.752108773,1.586608201
0.669799812,0.768722434
1.196283942,1.089942325
-0.025216681,-0.419127119
1.235809853,1.836950842
-1.818152128,-0.467802409
1.259282282,1.704413932
-2.209605872,-0.660771443
-2.151459321,0.239047667
-0.798028618,1.481456204
-0.557295638,0.857049754
1.157347501,0.543409471
2.133547396,3.29953831
-0.763284781,0.117441207
-2.937891562,-0.324911488
-0.260932953,0.227679195
0.242759813,0.790265654
2.593736208,3.476024612
1.406383873,1.570752974
0.811197215,1.353087798
0.864803143,-0.150313229
-0.686155513,-0.060859994
-0.776627995,0.060315012
-0.521827245,-0.06226989
-1.73067544,-0.830818888
2.599880034,1.799490766
-1.002931133,0.240840396
-0.929058419,1.338411268
-0.235911672,-0.641742404
1.491793814,1.406979428
2.775847439,2.683664584
2.305139161,2.238250693
2.23579294,2.703846907
2.588657409,2.942175945
1.793312614,2.074239486
1.581527273,2.171389806
1.443765235,1.623418736
-1.6395688,0.36312978
-0.57426213,1.355723802
-0.979836928,1.735297389
-1.438682924,0.155085069
0.572852098,0.2259879
2.360766545,3.151672429
-1.004821029,0.661788243
-0.148650695,-0.705424294
1.18327254,1.077892953
0.157912057,0.506746261
-1.367616483,1.843869927
-1.572355018,0.428019706
0.782597947,1.336206419
-1.372632884,1.409466995
1.026656816,1.564301292
0.070249298,1.199813908
-0.941299542,2.096773982
1.710633068,0.613947735
0.88949815,1.471217657
0.744308874,0.974383182
2.114248253,2.274425946
-1.215754452,1.375335198
-2.164344274,-0.184612423
1.694090432,1.639693418
-1.594402152,-0.059251133
2.376358096,2.69915848
2.349794124,2.960457902
-0.311557475,-0.670873635
-1.176217648,1.321524603
-0.977086287,1.34419738
1.64196065,1.693499101
1.160444587,2.077266196
-1.623453131,0.072215195
0.96507329,1.352420062
0.793714459,-0.212008715
-0.549968008,1.815512462
0.886670335,0.747264773
-0.807592111,-0.105446109
1.67993377,1.356437117
-0.482901284,1.276387677
0.68155208,1.162625592
0.160511384,1.568914299
-0.946084659,0.725615501
-0.760284792,1.008879038
-0.996435806,1.497448616
0.739450314,0.511315393
0.107554887,1.615224874
0.935154789,1.435437809
-2.580729425,-1.714277921
1.363624643,0.673347063
-1.369954982,0.632580975
2.24737857,1.274025511
-0.796778632,1.428506321
0.445753369,0.125927905
-0.563831536,1.189650671
0.431436513,0.130844961
-1.176903375,-0.148309938
-0.481127747,-1.10603011
0.181376528,2.277574312
1.54357411,2.358335585
-1.465564244,1.573268224
0.58771362,2.886982821
0.322004826,-0.680300603
0.296594135,2.188012886
1.434243605,1.19392508
-0.039037555,-0.28575131
-1.103126489,1.22522401
-1.595868078,0.271733939
0.317170073,0.768999158
1.385476411,0.839758575
-0.722737721,-1.022900502
0.374621434,2.638288666
-0.9799098,0.756067362
1.402357259,1.758610143
0.048306602,3.042862865
0.915605275,0.430206589
-0.964747147,1.187833012
-1.457107152,0.866963255
-0.624496543,-0.191107696
2.795787545,2.365482279
0.031680411,-0.232059303
0.988946755,0.784415041
3.285566726,3.284411008
-0.247490236,0.560612696
1.214723241,1.246247105
-0.413078754,1.238780704
-1.781779369,-2.180721929
-0.624109418,1.44879869
2.142461847,2.657002252
1.214275845,0.86047623
-0.21154151,-0.727704904
-1.425967896,0.468481142
-0.937227941,0.775808146
-1.849673405,0.14270625
0.381430444,0.280717069
2.900009468,3.909644474
-1.690127576,0.883257225
1.764946479,1.0409151
-0.778589055,0.329430933
1.575780651,2.691175957
0.937924809,0.62425722
-1.524673815,0.128179983
0.743878865,1.107313452
-0.995801124,0.042308809
0.723338747,1.760298864
0.817922479,0.720002294
-1.80044316,0.494899587
-0.669083015,-2.114213634
0.207983753,2.145446086
-0.186095548,2.104278343
1.774636541,1.775749613
-1.576401979,0.255552426
1.993911631,0.883283504
1.415148631,0.972104202
0.291745866,2.607586166
1.001143627,0.730990487
-0.816522766,1.843273368
0.717145856,0.512307217
-0.130261452,2.054016325
-0.805879911,1.528081876
-0.266659316,-0.150913523
-2.146622967,-0.507413487
0.793781862,1.170687273
-1.304391395,-0.283560105
-0.648472469,0.341658611
-0.978661535,1.764680966
-2.356569681,-0.85380894
0.376060958,-0.201156416
0.82769915,1.857068471
-0.595400564,2.327503522
1.06888354,1.511549584
-0.611698039,0.307756394
-0.439979449,-0.430087658
-1.352120438,0.366701341
1.971972907,2.485762325
2.442439525,1.935518352
0.186452028,0.794204833
-0.259280173,2.147777719
-0.228359063,1.99815574
-1.049527857,1.131592
-0.337411132,0.848192847
-1.052261438,1.115075405
1.212674154,1.536998929
1.753859389,1.938980443
0.751359645,1.786063247
-0.558048402,1.706986992
-0.472884117,1.291764509
1.810695151,1.686620097
-0.687922537,1.823176456
-0.571422121,-0.62334524
-1.261523842,0.640530937
-2.061106663,-0.84153122
0.950106636,1.522736946
-2.217985434,0.381567715
-0.019564595,2.464161648
2.333082122,3.071293827
1.833984788,1.271638597
1.873596496,1.853548372
0.133448704,2.933229641
1.592972903,1.138689547
-1.239154408,0.604454587
1.28040108,1.39116421
-1.096464532,0.984504314
2.052359773,2.046310167
2.17156389,2.721426614
0.462832084,1.358334008
-0.279543292,1.574925999
1.441105197,0.534940812
-2.632494409,0.30910424
-0.494772611,2.09422071
-2.07072753,-0.363885565
0.817532566,1.051495029
0.517953263,-0.749986715
-1.954423133,0.299646921
1.844027424,2.107354029
0.025399935,1.368350847
1.582876457,1.073264289
-0.632736833,-0.280528296
1.239135374,1.134274765
0.302416183,-0.739345687
1.557634785,1.698594122
-0.398790247,2.075245433
-1.274353981,1.086638581
-0.271057402,2.081812217
-0.741397265,1.865290023
1.279281479,1.103214452
-2.330038937,-0.88353826
1.863349048,1.474816298
-0.160404676,-0.134997045
1.737417705,1.858035322
-0.396036474,1.960074826
-1.400147983,0.794132187
1.030413668,0.930948231
-1.065722344,0.695821426
0.415394661,-0.201603496
-0.275576199,2.248456554
0.559700552,0.617377684
-2.209526997,0.116640696
-0.651206771,1.31236825
1.814223528,1.851227886
0.153081645,1.329663626
-0.966933556,-0.714186655
-0.935455208,0.786267043
0.363641721,2.040665293
2.637102683,2.353981013
0.130721974,0.152741116
1.002568965,1.090861253
-0.637849944,1.81717109
-1.256549158,1.486265637
1.636122415,1.025882701
-0.539146161,2.011768588
1.706042555,2.1055566
1.281728843,1.119986052
-0.15362051,2.455435148
-1.555651017,0.962640082
-0.623035431,1.283581618
2.716579239,2.491171217
-0.692741917,0.980229901
2.402609121,2.605923357
-0.824742935,1.328112081
-1.408483565,-0.581474804
1.888753283,1.69346265
1.267997948,1.013817997
-0.917629377,1.166879287
-0.281319627,1.519164302
-0.687302239,1.506647255
-1.628715358,0.671185023
-1.006745662,0.63799214
0.58932314,0.404876358
-0.271903517,-0.111623866
0.376732282,0.592083383
0.419056118,0.524951018
1.566548168,1.765884085
-2.194538123,-0.224463976
-1.059215143,0.754135511
0.783818087,0.702258376
0.052782574,0.1165489
0.855587733,0.979022249
1.367646459,1.906024731
-2.754970499,-0.352293611
-1.47781973,-0.26630455
-0.180511859,0.88338374
-2.397815667,-1.18651639
-1.578606397,1.13554224
1.373912122,1.834699161
1.23516931,0.914496288
-0.051861677,-0.797406133
0.010843932,1.586668127
-1.61089356,-0.170928544
-1.385512892,0.498431646
-0.169691587,2.206779745
-0.751225974,0.120602394
-0.35880614,1.403087785
-1.501759668,1.483173454
-0.814376632,2.579865794
1.968309633,2.096413244
2.119185654,1.723311444
-0.930343576,1.088372546
-1.325169664,1.764656552
1.457945311,0.548672001
0.846448987,0.659429098
0.806379018,0.809042565
-0.055196771,-1.10146495
1.262100311,0.72290182
0.825858127,0.296268456
1.30676533,2.393503611
-1.378296395,0.655626333
-1.012452209,0.518650984
-1.952558514,-0.851340981
0.430839759,1.07978265
0.487266024,1.692111027
-1.378630831,0.046142525
2.464471919,2.562952478
-1.731226593,1.373297011
0.771704393,0.338029337
-1.315485344,0.045225539
-1.659302261,1.386175159
3.354155879,3.270555369
-0.377488275,1.419599975
2.076807681,2.704911263
-1.002941676,1.004317864
0.973950616,0.766817554
0.397512653,2.147062262
0.954815429,0.340827213
-0.51505485,1.964588114
0.924269353,0.364207401
-1.144603774,0.451566337
-1.821510954,-0.326365106
0.717329947,0.852500772
1.232625106,0.837239114
2.346769808,3.348943455
1.803826631,2.274834873
-1.073615205,1.477008579
-0.163798113,-0.530083322
0.317930141,1.737312404
-0.886572642,1.38551216
0.535200756,0.731422572
-1.886868138,1.069231973
0.605369792,1.313005106
3.498626408,2.410003533
2.636274043,3.247341681
1.013402711,1.946603905
1.988744133,3.326973622
-0.308430563,2.139823992
-0.476881117,1.936967717
1.166283703,1.704359225
1.372783097,1.455599017
1.531670005,1.049749842
-0.738333077,0.472112943
0.505320228,1.165224611
0.602513954,0.06197282
-0.502764679,1.571822094
1.059924877,1.246539561
0.498237323,-0.03129104
-1.658468948,-0.034184679
-0.548426423,-0.838184484
0.634831101,0.805374482
-1.980074448,0.411218618
0.859428627,1.172024358
-1.127511291,0.245882803
1.746685141,1.084268076
2.437134958,2.133947327
2.907790998,3.251619569
1.606399138,2.043787516
-0.977242604,1.396059209
1.740491141,1.569765064
-1.23846645,0.688393093
1.83495797,1.365371841
1.343403106,0.791597497
-2.589624943,-0.548182597
-1.45925099,0.366915205
-0.047782814,-0.377404853
2.410041435,2.303193941
-0.542799045,0.76643779
0.321275003,1.746887104
1.834880584,1.899069182
-1.575001761,0.324497994
1.304910489,0.679785318
-0.159260985,-0.261023992
-0.158268525,1.833060369
-0.976204509,0.248430467
1.16758623,1.515622931
-0.66270929,1.02865535
1.519852005,1.415554329
-1.135684587,0.454792596
2.78295371,2.553117007
-0.171184398,2.673039958
-2.62445774,-0.364362284
-2.031920719,0.227892576
-0.002956183,2.918960166
3.234613294,3.119914046
-0.845062143,0.808093959
1.536347239,1.610800754
0.95758552,1.404774442
2.165165448,2.303313468
0.875581057,1.136518212
0.087507306,-0.222329459
0.569345437,-0.616879369
-0.815952033,2.14631364
-0.039441636,1.31827607
-0.559239216,0.889034576
-0.538457154,0.77747393
1.189468098,1.582450781
0.509744331,0.786751551
-0.159750762,1.019851735
-2.802346236,0.015562218
-0.389974465,1.744675688
1.00500745,1.568553136
0.574469582,0.804543667
-0.929080282,1.048903255
-0.552284931,1.412264385
2.368967956,2.467150595
0.652287034,1.085603452
0.049897743,2.318157389
2.871331718,3.089851142
2.74359523,2.099524809
0.847890063,0.71942188
-0.708995985,1.157743467
-1.526703045,0.494026999
-1.342721149,0.479378546
0.555750072,0.449528156
-0.580623233,-1.531346371
-1.62534108,0.123402936
1.142785601,1.556446792
1.975249819,2.071318806
-0.445528694,1.654270218
2.868735931,2.445641719
-0.67097298,1.496269901
2.469267049,1.376070472
0.69499896,0.43997803
0.171030621,0.585731665
-0.154936344,2.134245214
-0.41811676,1.620950329
1.36178335,1.767981841
-1.578308962,0.87738988
1.433794815,1.583785151
-0.129587142,-0.200158048
0.494896355,0.987836744
-1.90237023,-0.497002084
0.273253788,-0.070746881
-0.196628615,-0.166142696
1.703369814,1.950403403
-1.35141071,0.112275132
1.862862154,1.628248916
0.576815855,0.499098915
-1.130231443,1.756551853
1.337728439,1.502486172
1.538749456,1.543370426
3.276877745,3.738093198
0.29883633,0.837673275
-0.888071805,1.011598669
1.478002305,1.724208155
0.061856272,-0.406026024
-0.813729259,1.810338564
-1.91947128,1.146740367
-1.133140672,0.766889088
1.854125156,2.394425925
2.032853442,1.791275846
2.555698169,3.293814515
-0.484283628,2.47996496
2.396094263,3.486772412
-0.093273797,2.692661105
0.36961783,4.044678181
-0.699005872,0.595489924
-1.567152154,1.1076376
1.742482844,2.091683656
1.794606656,2.081198624
1.292263444,1.74324684
-0.305256832,0.688754087
-1.354808101,1.539956937
-0.22323169,0.347530446
-0.47841564,1.542999023
0.545530704,0.31038707
-0.550775067,0.543909247
1.494615408,1.523775005
0.512412051,1.939464812
-1.408192134,-0.280202334
-1.514060409,0.584295333
-0.418998589,1.575645735
0.993698418,0.719791636
-0.144820403,1.668835511
0.302224305,0.4272396
2.458809882,3.000060901
-1.126480726,1.527749285
-0.54827551,1.098047691
-1.099196791,1.198265879
0.606733737,0.547922505
0.525368651,0.897400496
1.418272737,1.525014816
-1.110391609,0.045591155
-1.070132892,0.34680407
0.536655972,0.220065685
0.65591129,0.899789215
1.13823022,0.970708249
-0.463225994,-0.064358418
2.594962143,2.08939737
1.275395146,0.743000616
-1.288696548,0.916952549
-1.918901224,0.991653212
2.516176603,2.500235424
-0.470864795,2.16480102
0.399391999,-0.40207975
0.184347476,2.39762185
-0.093833109,2.183592574
0.002212777,2.570140772
-1.351491512,0.60707414
-1.072719559,1.735418621
-1.490162798,1.090260215
1.686534273,1.765818078
0.687204476,1.254180983
-1.592977335,0.43020925
0.084410726,-0.302291183
-0.867873426,1.915711717
1.309554328,0.965187387
0.701188356,0.680224929
-0.891278318,0.778700865
0.970217804,-0.272989716
-0.001735927,-0.263760352
2.52356703,2.377339052
0.429097155,1.234904198
-0.189070907,1.258272325
-1.328185923,0.283608066
-1.749317922,0.637046191
2.21943932,3.273349506
3.138104884,3.199800419
1.771575179,1.941363105
-0.158464478,0.036348561
-0.097626751,1.917269904
-1.845677803,-0.199568803
-1.586683973,0.030585324
-1.898543729,1.198286385
1.314721024,1.273236929
-0.982623558,-1.629067085
1.564234772,2.208738694
-0.668766461,0.684930528
0.942688291,0.618737675
2.653288496,2.386380001
-0.732557428,1.110506201
2.320912436,2.79035877
-0.292483054,1.545581723
-1.605792865,0.879724439
2.078193375,2.247757468
3.312332571,4.032464296
-1.40160336,0.968249866
0.07983588,0.465661429
0.342482307,1.243034376
2.018080703,2.164206664
3.135511837,2.358723702
-0.617687796,-0.008282648
0.77273066,0.683574838
0.601289891,0.850149995
-1.889182775,-0.565217876
-0.850324267,-0.558311214
-0.490954833,2.355570412
-2.180818978,-0.205651573
-1.989994897,0.826769588
0.482851683,0.534388186
-1.254697649,1.166479418
1.585870935,1.821819505
1.759004135,2.210402802
1.652199305,1.976672753
-1.309676653,1.011021859
0.287096759,0.0923808
-1.277295528,0.005518059
0.285719758,2.61236893
-0.796529247,0.873505562
1.321198217,0.728809155
-0.643957425,1.059905823
-0.200205703,1.855822604
0.94355162,1.044711276
-1.986161345,-0.552722014
-0.746521976,0.049082152
-1.123871888,1.254620053
2.132384469,2.799471768
-1.93622045,1.467799622
-0.613423756,2.427961149
1.819432029,1.530729662
1.194795308,1.297287715
-0.78377006,1.423865886
1.916327187,2.309865429
0.830760751,1.270441163
-1.010786112,2.361058947
2.750141095,2.156393672
-1.013068896,0.428408648
-0.941444805,0.127044172
-2.004314592,0.585831891
0.151346011,0.564485899
-0.706004308,1.425309647
-1.202635444,0.991654972
-1.827389592,0.140508564
-0.594022201,0.244031007
-2.284018113,-1.092139539
-0.124330611,2.512954776
-1.836377728,0.511219023
0.431652735,-0.052122083
1.241605467,0.773062776
0.61310001,0.862603412
0.886223792,0.853958912
1.318730428,1.339099718
-1.455553338,0.742991995
2.386957979,1.64132434
-1.694043705,1.083264007
1.165789301,1.380428246
1.377042297,1.137075786
-0.869191331,-0.128675342
1.813113888,2.06571519
-0.64386362,-1.740184438
1.957053774,1.489681001
-1.986366356,-0.711920525
-1.599569289,0.365463975
1.318013467,1.679290988
-0.913375832,1.299932233
-1.826742391,0.19503714
-1.186780172,1.225298671
2.656543327,2.037620409
1.212770194,0.883232289
-1.236737667,0.881397857
-0.228557145,1.910321015
0.861325022,1.015962352
0.180706252,0.076322347
0.324412438,1.499217819
-0.782183171,1.195060152
-1.37638803,0.815398154
-0.194616046,-0.34154882
-0.920935978,1.187693718
-0.739915394,1.579511644
0.780530502,1.40261879
-0.499845541,1.228218884
2.349982493,2.214496673
-1.906032138,-0.650077035
-1.702734011,-0.539299114
-0.070671122,-0.185608278
2.044663371,2.169411191
-0.522079282,0.457107594
0.16010623,0.009066167
-0.726118642,0.921967112
1.031051571,1.580711756
-1.054319175,-1.101953727
-0.583850777,1.760503825
-0.040762246,0.23381768
-2.088333628,0.42091859
1.617802116,1.12346984
-0.082807765,-1.175050656
0.470120387,0.555468924
-0.102435877,0.529641035
-1.023916469,1.289866569
-0.596579603,1.716466615
0.674974529,1.139585273
-0.913050556,1.185682179
-1.914175581,0.523486037
-0.231447185,0.04129174
-1.169450587,-1.169740277
0.920327114,0.56440147
-1.391725952,-0.620920723
0.240100275,0.142421124
1.225613733,1.005067174
-1.526432391,1.271130872
-1.20964272,0.0791124
1.412207706,1.137653595
-0.911427809,0.658646736
-1.165797737,-0.464111472
0.45625849,0.46950414
-1.214634065,-0.132150149
-1.208725553,0.572415077
1.490485489,0.697225092
-1.820587821,0.250919926
1.525498271,1.424652607
-1.055747284,0.960186916
0.003547731,1.68119858
-0.137016049,0.184372545
-2.083129501,-0.275246755
-0.011648161,-0.343015193
-0.415036346,1.660436056
2.799550579,2.397766679
-0.327985795,-0.000817193
-1.638161341,0.736142082
1.629376285,2.030944787
-0.18509595,-0.171393826
0.886476032,0.739974787
-1.124392355,0.810475322
0.588698382,0.594417629
1.950896754,1.934457242
-0.636285688,0.828864592
1.257014171,1.575876668
-0.84734259,1.909089082
1.059764036,1.103542781
-1.202569161,0.93930953
-0.158798576,1.683695392
-1.201354293,0.246679622
0.758504358,-0.235532865
1.448150869,1.625809957
-0.605946001,-0.551064206
1.704668007,1.025224569
0.155329829,-0.346459376
1.279856756,0.809551622
-0.018867509,1.82979417
0.622522653,0.99034389
-2.530466746,-0.078608236
-0.886719399,-0.27162162
0.523991028,-0.151438764
-0.944343705,0.921501353
-0.37250504,1.07643191
-0.797304495,1.675780602
-0.525438415,2.240633296
2.320214407,3.058205513
1.587706175,2.275817706
-0.937413602,1.307272775
-1.16510947,0.886160372
1.611156813,1.093403919
-1.047723381,0.12251874
-1.540824026,0.852714852
1.463442744,0.655533319
-0.926936513,1.515347684
1.403796072,0.852481132
1.091489975,0.82108277
-1.76644832,-0.113402641
0.883881403,1.118206433
-1.89468729,0.125359703
1.862224713,2.253314839
0.314968358,-0.566321457
-0.26021797,-0.734662169
-0.928483996,0.182533486
1.748690408,1.872408965
-0.266171629,2.25684035
-0.303477387,1.079710487
-0.047935398,-0.338702765
-0.848435413,1.764924059
1.292331744,1.483670187
3.328948525,3.449672443
-1.214482327,0.348689822
-1.664675268,0.327699172
-0.886947245,1.925818813
-1.306240584,-1.193961659
-0.181038568,2.757960553
1.225342939,1.805444972
0.261357374,1.535713007
1.685293365,1.897185344
1.958559816,3.343842038
-0.682065135,-0.916709528
1.717583467,2.039378429
1.707141417,2.374374537
-1.441570338,1.116280096
-0.196312296,0.019078024
-0.850364532,1.84661016
2.67347281,2.091433091
-0.976500191,1.180680592
-0.827610822,1.10780705
-0.807251206,1.324964618
-5.70E-05,1.704468978
1.375728777,1.856045987
1.457304268,0.989452548
-1.376268613,1.088747238
-0.136222203,1.999510318
-1.716294515,0.29303965
2.42413078,2.328253581
-0.009708969,1.800874082
-0.277074289,2.208896588
-0.620677883,0.420698923
-2.284038163,-0.112108815
0.183855972,0.115427313
0.38223409,0.363527551
1.412936155,1.460241532
2.257869297,2.070367965
-1.74245934,0.24551803
-0.696097624,1.024930939
1.094172075,0.678882342
-0.932648451,-0.917595214
0.90745204,1.113212397
-0.968666526,-0.505040842
2.249768659,1.191305074
-0.767935578,0.596339412
-1.673283449,0.112045816
-0.581328576,-0.400268372
0.761533414,1.376217736
1.361351416,0.749901923
-2.217085263,0.117354442
-1.288785571,0.646984909
1.643753146,2.068081143
-1.004191764,0.694768137
0.074961084,0.175873542
-0.836467765,1.685402451
-2.308204504,-0.059248537
-0.684797922,0.398411983
2.468889612,2.908985073
0.095685956,0.125867718
1.416388715,2.050506576
0.879933636,2.908106319
0.876179589,1.313905103
-1.282941861,-2.262113151
-1.119636542,1.200597147
0.883760595,0.70661544
1.956273982,1.886617805
0.972251032,1.172392905
-0.588839124,0.867988001
1.222521538,1.130122265
0.233370391,0.242077255
-1.283679049,-2.405421368
-1.959919153,0.734566687
-2.06734478,0.033309581
-0.683652568,0.806139796
0.521180658,2.733829217
-1.285979685,0.061262058
1.46330202,1.509584785
-1.715122531,0.572025831
-0.505326479,1.945474787
-0.161049378,0.102245146
-0.19913259,1.323521653
-1.861401352,-0.011427056
-0.491155398,1.40662664
2.37534369,2.9644056
-0.051681704,-0.50210077
-0.607275816,2.188648143
1.016986835,1.371265806
-1.108338806,0.035994319
1.013880482,0.915286443
1.315417529,0.286766164
1.865647295,2.211348708
-0.476666807,1.672038885
0.427285765,0.327904375
0.303753743,1.721261983
1.84834258,2.467526996
-1.386142031,1.061443663
-1.279928814,0.968173151
-0.826828762,1.914921952
1.710332962,0.799112644
-1.617567237,-0.349888725
0.35552931,0.27343537
0.632422823,0.710860935
1.009309473,0.979206674
-1.125973277,1.20235996
2.173211794,2.692955858
0.559209429,0.094480567
-0.362126548,1.967663128
-0.741586497,0.90379821
-0.255385827,2.354366642
-1.498326617,1.300620539
-1.397719215,0.493840642
1.46156861,0.31563586
-1.108737708,0.591823158
-1.968388495,-0.28040147
0.57075042,-0.074188466
-0.752284873,-1.03114732
-0.731162224,1.279987056
-0.447530137,-0.98820785
0.718053236,0.638902151
-0.40614875,-0.009317896
2.301217567,2.456897154
2.803341367,2.703261307
-0.67912368,1.219429592
1.860951882,2.645765099
0.950082396,1.290037688
0.44751678,0.262468452
-1.613080191,0.787133614
1.704364762,1.692248923
-0.787717169,0.570257796
-0.844681809,0.838921086
0.141606664,-0.733869648
2.104574135,2.099638289
0.117690381,2.879852043
-0.687491433,0.729981019
0.015431593,0.148683701
1.259563629,1.690678678
-1.482421937,0.683598995
-0.643716143,1.820846678
1.436465544,1.384902802
1.201452653,0.578970647
1.558116636,1.571838824
-1.829608348,0.728108587
-1.436787296,0.403091188
-1.521583357,0.291171176
2.061179008,1.815338704
1.617844304,2.442611732
1.328867714,1.80103384
2.712871892,2.13144135
2.445278202,2.014758648
0.480920786,-0.116786963
1.634850526,2.07549064
1.327841365,0.763706768
-2.012024194,-0.770432378
0.117258265,0.10433631
0.937465895,0.186401093
0.354117084,2.731029218
-2.23679793,-0.617458782
-1.477285671,1.301388791
0.331159582,0.115414914
-2.566596514,0.167450424
-0.296362394,1.937078652
1.453864508,1.177211338
-0.172650676,1.296539395
0.922636102,0.365468386
-1.927198759,0.149092681
1.489531949,1.223532542
2.378421263,3.044092987
-0.982560414,1.46336103
0.501622707,-0.582823484
-0.625155036,-0.585124632
-0.690063197,0.629865101
-0.278967835,0.281487072
-0.864781849,1.389059182
-0.80038179,1.249707255
1.551473337,0.869343157
0.421706264,0.870473759
1.642946439,2.123806093
-0.416988368,1.762267915
0.505683805,0.114604531
0.910706329,0.688139642
0.126062289,1.360692512
0.116642431,-0.208460136
-2.20192786,-0.183243567
-0.379306205,1.464599566
1.800635708,1.449165545
-0.374171897,2.141492419
-1.048523421,1.746107706
2.172114742,2.427700308
1.737113418,2.025628255
-0.887884969,1.850796139
-0.318217616,1.810399032
0.012768159,1.834108999
-1.418619493,0.322128656
0.721628596,0.791284162
-1.709171918,0.709699598
-0.964212722,1.167297682
0.169941744,0.069515577
-2.039336339,-0.643637205
0.09400686,0.401475476
0.157927576,2.405587086
0.86654573,0.800386027
-1.052197302,1.660680256
0.952762934,1.327334273
-0.383946278,-0.520110724
0.336963408,0.217636684
-0.036883162,-0.355801365
-0.036378882,-0.780418523
0.417255537,1.174732687
1.15219004,0.882029969
-0.577864407,1.294189277
0.597190413,2.437249249
-2.102689979,-0.540284471
-0.931893784,0.818159837
-1.762935429,0.863931517
-0.534712258,2.393851208
-0.975901308,0.440390247
0.798511244,0.408563362
-1.809385055,0.509810469
1.047167746,0.667412364
-1.550009538,-0.184790113
-0.199075386,-0.521403621
1.728430606,1.95543435
0.855379975,0.557380121
1.311152851,0.889926055
0.008713101,0.318332058
0.035228553,0.28210786
-1.436525481,-0.347611453
0.537828453,0.264710903
2.025733989,2.409070419
-1.287380827,0.776792117
0.003743722,1.393472815
1.931810838,2.034523336
-1.479586022,-0.272841349
0.868806692,0.703672835
-1.303253972,-1.878403687
-0.778381494,1.473858342
-0.031505293,0.503893422
0.600562133,0.307622237
-0.491848513,1.492119021
0.625963346,0.699172918
2.039853634,1.962256941
1.658180214,2.149343853
-1.607776033,0.806391981
-1.594614873,1.175746428
1.778599301,2.177506158
0.136791139,1.602831424
-0.448866835,1.702128276
1.406582923,1.836584361
0.336752496,1.111106101
-0.386449891,-1.674227588
-1.432430599,1.386229012
-2.690597613,-1.148712374
0.126282483,-0.346322624
-1.296591569,-0.072764688
0.913434952,1.614576164
-0.293194134,1.152233839
-1.689283093,1.289139536
-0.716114755,2.268395364
-2.001195131,-0.344319521
-1.597213992,0.101297339
-0.790791224,1.665493275
2.433670323,3.022427936
1.13209105,2.470099079
0.742157079,0.475666303
2.237828234,2.731370092
0.967307876,1.716232515
2.228201986,2.718428989
2.984949543,2.143216612
-1.649950407,0.382102413
0.213333189,0.525577775
-0.654349912,0.91800378
0.141042728,-0.279569221
1.666806067,2.080243162
1.845208798,2.203370053
-0.469667106,1.213567162
-0.40569374,2.413279214
-1.943542223,0.26099424
-1.359085855,1.71934082
2.01644051,2.145196338
-2.245322527,-1.039984298
-0.155758261,-0.443854992
-0.605540179,1.855011726
2.285297215,2.563350402
1.523732002,2.315266207
0.563571583,3.135829327
-0.97484257,0.492049938
-0.195453046,2.0751838
-1.689233238,0.721341931
1.623456698,1.466023522
-2.911652433,-1.579667556
2.318935449,1.783922766
2.376418679,2.567871974
0.309028488,0.4033971
1.07905963,1.37665644
1.525518262,1.679232151
0.433206061,1.338506672
1.159335809,1.344243979
1.017032197,0.633239875
-1.926868653,0.52233056
0.062677211,-0.183545313
0.932867715,1.038283073
1.204562874,0.941054351
1.13012184,0.378724043
-0.72395462,0.61991274
1.36580481,1.865643982
0.050350375,1.393658588
1.116724883,0.656323972
-1.546767118,0.608715751
1.586667229,1.159314353
-1.629669474,0.285737217
-0.596986519,1.716613355
0.221067203,2.587981958
0.831561575,1.058196141
0.552060193,0.726042515
0.133335644,0.346805667
-1.20642166,0.477648649
2.405331056,2.534979709
-1.493407699,0.352962418
-2.971483136,-2.800606033
-0.548491079,0.991907706
0.287741079,2.509608709
-0.722174018,1.305123649
0.068887868,2.602305151
-0.405331603,0.426392522
-1.457387389,0.993800422
-0.689227759,-0.949415923
0.407620016,2.502643805
-0.506884485,1.784584308
1.657134062,1.97146364
-0.878442411,1.833794863
-0.439651367,1.707764211
-1.27106847,0.072630542
-1.231993898,0.956565224
-1.752655012,0.003499307
0.343504551,0.455203522
-0.9494474,0.357741136
1.568317712,2.346322801
-1.096088756,0.84399262
0.675289602,0.473380318
-0.327827507,2.937390848
0.583981805,0.522834622
-2.994646004,-0.611852354
1.806365056,1.610264406
-0.439101123,1.490911129
-0.616514867,1.366687694
1.213500163,1.516985927
1.459135027,1.450494384
0.961947909,-0.328712974
1.154817872,1.10639373
-0.825429383,0.306105481
-0.254822333,-0.389213277
1.292201482,1.69269404
1.862457928,1.526776484
-1.190734354,0.442961139
-0.957611437,-1.094618132
-0.935073737,0.313878011
-2.315006338,0.582912412
0.87367951,0.977058587
-0.788450223,1.791458518
-0.740527655,1.54291784
-1.979704952,0.228398554
-0.427603913,1.32431019
0.78733484,0.813962139
-2.085655259,0.086810188
0.75030276,-0.004054374
0.456390363,1.840108117
-1.799836532,0.213725459
-1.952059837,0.469304084
-0.185106415,-0.301010026
1.417419061,0.907880587
-0.855065573,1.076762442
-2.189709354,-0.466492628
-1.299040811,1.015782692
-0.996883513,2.394807822
-0.977753432,1.60065207
-1.245764852,1.053352221
2.255385774,2.440256819
-0.828905285,1.044066237
3.141469779,3.196813996
0.447362969,0.350245759
0.179834018,1.641287034
-1.51687607,0.414012962
-0.341290274,-0.597941723
1.352943603,1.63617684
0.132996578,1.716782774
0.862644394,0.601273402
1.422539643,1.709865264
-0.61378618,1.599666056
-0.641334568,2.327160905
-1.893496297,0.379440334
1.236975265,1.325489351
-1.543692249,0.521351636
-1.822237546,1.748197544
-1.066268051,1.599621284
-1.720286149,0.426344875
-2.238298772,0.320500693
-0.936960524,1.48285946
-1.230913159,0.055909873
-0.573537241,1.539202217
-0.211847482,2.985395057
-2.84787281,-0.661156723
0.214984604,0.724064002
1.413797788,1.805953948
-0.980351747,2.250478039
-0.193713746,2.01072537
-0.939598116,1.537398156
1.202942732,0.116925127
-1.006292414,0.501103969
1.842215258,2.238604357
-0.297345223,1.720251285
2.470245604,1.842070519
1.387290285,0.963559321
-0.342481467,-0.107404824
-0.285114582,1.167829322
-1.501326801,0.178921652
-1.606126884,-0.079135936
-1.484125584,0.369777836
-0.83747627,0.425847838
2.549681496,2.508544147
0.499645266,0.936102438
1.529863174,0.875804104
0.790261995,0.764802862
-1.359105558,0.635110174
-1.197434789,1.480939684
-0.57877191,-0.672144637
0.488710225,2.4976005
0.468637874,-0.57607654
0.421298066,0.151608604
-0.075426217,1.221586443
2.185480903,2.545619971
-1.059223587,0.724251119
-0.517798489,1.375593438
1.486003986,1.048049022
0.770933974,-0.334005831
-2.940118679,0.111441114
2.256449625,1.878794953
1.401589438,1.166606116
0.859550011,0.173913973
-1.346527581,0.815446885
-0.728705817,1.910139808
0.510327525,-0.167118925
-1.899940806,0.54165773
0.702596095,2.189534685
0.209125364,-0.604313963
-0.072557505,2.030497881
0.952607148,3.228085189
-1.323457433,1.391394395
0.351030852,3.559253601
0.171517152,0.887533862
0.136056707,0.036473705
-0.796748652,1.17560416
0.482103425,1.423452529
1.333035599,1.966557093
-1.086577779,0.17972763
-0.25461178,2.70002398
0.303796157,0.399012959
0.758886025,0.034947579
0.117608467,2.790138951
0.973343454,1.538579577
0.986082527,0.710949913
-1.403223499,0.520164667
0.036916685,2.886870402
1.12972276,2.064123499
-1.224101799,0.721548522
2.411675506,2.600175209
-1.340435696,1.074723242
0.865143444,0.739301736
-0.233384245,0.942469033
-1.112486068,0.610903268
0.884774774,1.577003722
-1.026367167,1.214180299
-1.573988772,0.717751234
1.301387171,0.744806184
1.15889669,0.855576704
-1.252648499,-0.092760096
-0.663409841,1.42734406
-0.11079879,-0.199749456
-1.405098642,0.337996687
1.97493633,1.970238477
1.346753733,1.358494662
2.230620607,2.093371775
-0.343238707,1.160244057
0.74340002,0.862738309
0.249049939,0.14472927
0.147919522,0.152969317
2.067086208,1.9170805
0.06495023,1.933881885
0.592979958,-0.494027124
1.69521948,1.123343342
2.677275797,3.292100694
-0.575068776,1.642685543
0.24154325,0.336719003
-1.483020633,0.221921013
-0.092076801,2.285325936
1.079690079,0.523491824
-0.965050548,0.992251881
1.516976782,0.870885676
1.549211964,0.930813059
1.766070989,1.847919287
-1.223959444,1.224001325
0.355319506,-0.181165224
0.010553123,2.682351406
1.833949571,2.431740738
-0.2952813,2.002560294
0.087793734,-0.167060782
-2.107462036,0.39081356
-1.203407057,1.133451043
0.785280171,1.062757079
0.957524893,0.053730612
-0.204440927,1.626251015
-0.870362026,0.738048405
2.922265595,2.767656761
2.208466509,3.176583657
-1.795111797,1.033378269
0.788375077,0.464476946
1.436612582,0.56377815
-0.94096271,-0.012281872
0.300352271,0.51400222
-1.325842596,-0.171244485
1.799355972,2.372641075
-1.332671369,1.48997077
-0.407421008,1.054231281
0.913773413,0.777426008
0.993508854,0.628984617
2.61896294,3.13047615
-0.445902256,1.893050307
-1.185503598,0.706441476
-0.336314068,0.918852596
1.648741355,1.300553021
0.700595128,-0.095674688
-0.748424699,1.619023438
0.15393651,2.679898675
0.055009687,-0.805753074
0.47783163,1.211535267
-1.268225204,1.110080073
1.087544157,2.026992133
1.019823903,0.401977414
0.626315597,1.068247671
1.814925785,1.539091603
-0.006618392,-0.164676703
-0.695863861,1.091110217
-1.875747459,0.084517565
1.378744181,1.60857372
0.950595752,1.286672594
-0.554331552,1.247568751
2.020831657,2.5842468
2.722734278,2.464446725
1.355863576,1.490286814
-0.586313445,0.845712817
1.019444578,0.876102237
-0.062218406,1.866532638
-1.014975441,0.548035811
-0.758799429,1.224164301
1.170315552,0.78412276
-1.940685564,-0.096065446
-2.463144103,-1.102248855
-0.544367339,0.175859366
-1.572229125,0.301129932
-1.241997022,0.715256523
-0.963404391,-0.838616499
0.09351956,1.131228065
-0.520762298,1.973715976
0.644391848,-0.043412827
1.820792094,1.693318025
-1.181480991,0.210349943
-1.772298642,-0.076229391
-0.79995343,1.224472274
-0.980275452,1.305564125
0.640463619,-0.389937709
-0.983467482,0.395242295
-0.065324637,2.140313983
-2.684277225,-0.611864975
-1.395592637,-0.372410048
-0.574873634,0.571786073
1.769255659,1.643005658
1.21265379,2.673851506
-0.367457253,1.494150399
0.242793864,-0.131089246
-0.620255749,1.698566908
-0.789067965,-1.172420622
-0.55570436,1.752177535
1.334245899,1.43515084
-0.256000417,2.640581488
1.637374265,1.678478803
-1.916794153,0.293887589
0.289089408,0.752339935
-0.553757389,2.017928802
0.613910439,0.837991961
-1.119465905,0.453995904
-0.446216588,2.156005728
-1.067641227,0.979803386
-1.203654,0.28677859
1.310097376,1.386651364
-1.620983634,1.105641464
-0.837217968,0.127316329
-0.641710035,-0.131215305
1.912743654,1.724202164
-0.953982427,-1.156707277
-1.629099904,0.569505542
-1.204357834,0.085497255
2.7247748,2.527011798
-1.309363925,0.827518492
2.24027122,2.210966962
-1.076135056,0.012987455
-0.242487525,1.581545965
-1.111443176,0.976004424
-1.524917649,-0.309058018
-1.189009145,0.531314094
1.333360937,0.827935608
-1.333141679,0.247916722
-1.053086825,-0.082763373
-0.178281274,2.286392746
1.656228,1.87753439
-0.116223788,-0.518515291
-0.786816245,1.033237685
-0.319937079,2.272089805
1.908486922,2.490382901
1.923345763,2.038380559
-0.785543255,1.685754233
0.744683174,1.597048929
-2.479845348,-0.811817394
1.023477489,0.051449339
-1.18333756,2.159548422
-2.187292495,0.351591353
1.064764121,0.785903968
-1.171102002,1.636950986
-1.13674686,1.339325938
-0.470626458,0.506781098
2.561654461,2.827856128
-0.48915059,1.950212931
0.089961957,-0.220793089
0.294408049,0.594484398
0.651767311,-0.13340109
-1.555003133,0.610851058
-1.691687735,0.805684123
3.186183847,3.615790343
-0.908074036,0.663882599
-0.033316423,0.475169263
-0.872565074,1.185422679
-1.429150014,-0.265294285
-0.498113478,0.45452747
-1.218680009,1.979194361
1.3703262,1.156595394
-0.585100702,-0.92884526
-2.00967702,-0.052824833
0.432785982,2.405725792
-1.672446218,0.784549245
2.58231391,3.431848673
-0.223388478,-0.400377584
-2.599950597,-0.773749805
-0.61938012,-1.586519895
-0.13888212,-0.525582712
-1.938906633,-0.437555819
-1.346066635,0.48617422
-0.674946658,0.987377846
-1.530134436,0.642006656
0.418112193,3.04450773
2.214469194,2.364426845
-0.546579593,0.793369382
-1.870664723,0.994215968
-0.960909653,0.235848389
1.6369214,2.238665686
0.219263798,2.452842178
-0.808176946,1.660495694
2.976986412,3.320823219
2.021898274,1.44815717
-0.836319529,0.638828335
-1.77375314,-0.46069787
0.368292793,1.026756187
-1.639785637,0.730960267
0.640748429,0.305499396
-0.582185,1.782748312
0.944104556,1.060918466
-0.467962992,1.881368759
2.121672499,2.109460479
1.776245919,1.543146437
-0.829054461,0.719473496
-0.352371742,0.732366469
-2.030616171,0.512652992
0.654786407,-0.133439764
-2.25793261,-1.596813254
1.073364877,3.28589602
1.317190166,2.457606311
-0.49081078,1.332220135
-0.497589628,1.80169956
-2.213559725,0.013817475
-1.207721561,0.709756982
-0.875564358,1.846641191
1.118034075,0.788202019
0.44265935,-0.273613734
1.002442786,0.429393781
0.140821436,-0.184560059
1.988517552,1.784687605
1.032506832,1.454640881
-1.58605063,0.200854577
1.529527057,0.772963339
-0.384539358,-0.679871828
-0.030775187,1.84474569
-1.063408753,1.381682528
-0.414595779,-0.767109585
0.991663212,-0.033829074
-0.644252789,2.277612665
-1.554053022,-1.310780047
-1.421332507,0.300673131
-0.357699255,-0.103091863
-1.314026577,0.04739648
0.272198383,0.600338535
-0.666532947,0.39203156
-0.992971783,0.435082932
2.979236334,3.138969291
-1.50516373,0.836800414
-0.778598448,0.63544142
-2.54504976,-3.692615068
-1.064868163,0.93930365
-0.382306921,1.857095176
2.748366244,3.091619677
-0.452489833,1.367312083
-1.738027107,1.184290047
-2.003672919,-0.234295406
-1.13878568,1.112064889
1.427491582,2.112608325
-0.948834477,2.875915282
-0.224313718,1.392025635
-2.380541219,-1.241336546
0.528617429,0.495930017
-1.969713046,1.055263592
0.966964035,1.126500659
-0.895455183,1.7108496
0.513458985,0.267529154
-1.517013215,0.616741071
2.227691336,2.601439232
-0.892280267,2.199997369
2.564810235,2.921720384
-1.627237629,0.169104563
-0.149767024,1.39213447
1.534707726,1.02815657
-0.064495662,2.775460806
1.142500779,0.955180716
2.093642928,2.454761919
-0.272522742,1.600645119
-1.36911989,0.766264851
0.491267975,1.512232474
-1.740985515,-0.216345416
-0.970066496,0.53976171
1.896246272,1.297387992
0.852377165,0.481035393
1.810521042,2.723949733
-0.770887142,1.185222399
0.607318034,0.202245902
-1.79294199,-0.410712354
0.31664375,0.683454381
0.545428883,0.105788015
-2.096806892,-0.312374451
0.568202499,3.117788384
-2.104863818,0.488651533
-1.11250503,1.15977845
-0.255649729,1.050937611
2.383089729,2.353044255
-1.03265208,1.12863598
-1.653765729,0.91436197
-1.180390501,0.804055847
-1.435847978,0.264172559
-1.510747776,0.909183355
-1.717213298,0.005141013
2.213192818,2.25061268
-0.603128398,0.384820032
-1.178150856,1.254812283
1.613411802,1.529674593
1.299423699,1.510215223
-1.693497168,0.210848121
0.083992481,-0.937676246
0.975271203,0.886286912
-0.527131193,1.698364575
0.895259491,0.66592912
-0.931956964,-0.11160594
-0.431859402,1.206041854
1.51587946,1.515539877
1.808591017,2.023748069
-0.975911812,1.553643422
0.59319244,0.785672818
0.938980939,0.690714564
-1.082304135,0.962814367
1.278940808,0.66243717
-1.171115726,0.277280407
1.290428683,1.696670321
-0.142472554,1.39257306
-0.584927168,1.351119808
1.910224349,2.504409795
-1.854100573,-0.737636189
-0.731034122,0.712048897
2.387257289,1.969223195
0.651855452,0.981351429
-1.565308364,1.259841411
0.442180686,0.230801902
0.504286394,0.235558688
0.411844092,-0.064028742
2.480920941,2.475564093
-0.089751442,1.607303006
-1.095810055,1.343267087
-0.477207,1.264585079
-1.359748442,0.888489315
-1.773642342,-0.0964206
0.515288557,0.26454933
0.166276586,0.054460575
2.323362491,2.311074014
0.473796743,0.805377059
0.965986958,1.469792591
0.268290884,0.268719566
1.909984849,2.136639821
2.101616931,1.911497958
1.280299407,1.770829002
-1.14198674,1.415154848
-0.376521927,1.925178624
1.099909787,1.379388478
-0.652482762,-1.357744822
1.454626367,2.014261277
-0.24911791,1.191271427
0.544566938,1.035032586
-1.683674046,0.631496143
-1.213450645,-1.962537896
0.2446691,-0.451573978
1.125048138,1.280468997
-1.064760018,-0.329085449
-1.71378874,0.354022452
0.991977,0.340578144
1.520311258,1.099269968
1.669270163,1.221092361
0.66228515,0.996433192
-1.11960425,0.284607513
2.293724901,2.027479977
-1.464485613,1.630281027
-1.702154442,0.961721887
-1.255310038,0.947882042
-1.369242056,1.327904261
-0.708524017,1.466837165
-0.210968457,0.801398338
-0.768319329,-0.613868643
0.465951505,2.365349288
-1.902524779,-0.132844125
0.302900415,-0.170984127
0.58927409,0.032756464
2.237856616,2.024501059
-0.323037112,-0.160432762
1.089706224,1.169851791
-0.61020979,-1.302314619
1.71344557,0.724067925
-1.132462115,0.952403207
-0.593054817,0.809336395
-0.04799399,1.631974925
-0.434449872,0.630061229
-0.396638531,1.73855467
0.630548313,0.88910202
-0.535415342,0.449194435
2.926693528,2.866963159
0.70838253,1.712261659
1.733799984,1.904367931
-0.72487219,1.353707566
-1.063135941,0.272883091
-0.655700589,0.350562802
-1.128136752,2.077128561
-2.098407098,-0.737195054
-1.554615786,0.814464156
-0.440485108,1.640160676
-1.477483471,1.086833152
-0.684013231,-0.800851677
0.005050597,1.18131145
-0.322831871,-0.233018184
-0.988295708,0.408299279
-0.745004875,1.617203941
2.664201171,4.001539325
-1.605873731,1.473689577
-0.554546948,1.43817008
0.258186705,0.416311867
-0.744878654,1.18840485
-0.721665442,1.385634854
-0.93375399,2.028675387
-0.057718714,1.362749599
1.463943764,0.956524431
-1.405379621,0.718697054
-1.157977411,1.448216725
-0.074587288,-0.666404882
0.9731459,0.718451588
-1.401293141,0.84703937
-1.039858806,1.470735446
0.699159769,0.69430038
-1.240819066,0.539629516
1.037059916,0.399230619
1.019019972,1.297816599
0.235430507,0.125861525
-2.509041275,-0.62552393
-0.455627546,1.302303333
-0.434550905,1.597813261
0.088276567,1.638789045
1.525155014,0.859234288
-0.979817444,0.563953762
